Time,Distance,AccelerometerY,RPM,GPS_Speed,GPS_LatAcc,GPS_LonAcc
0.000,0.000,-0.231406,4482.225586,25.321001,-0.614149,0.094458
0.020,0.000,-0.275526,4332.152832,25.381001,-0.569792,0.094840
0.040,0.000,-0.315019,4197.892090,25.441000,-0.525434,0.095223
0.060,0.000,-0.350282,4169.135742,25.501001,-0.481076,0.095605
0.080,0.001,-0.382664,4235.565430,25.561001,-0.436719,0.095987
0.100,0.001,-0.413350,4380.112305,25.621000,-0.401864,0.096325
0.120,0.001,-0.440817,4473.197266,25.681000,-0.384656,0.096580
0.140,0.001,-0.462524,4485.720703,25.740999,-0.367448,0.096835
0.160,0.001,-0.478785,4491.460449,25.801001,-0.350240,0.097090
0.180,0.001,-0.491883,4443.397949,25.861000,-0.333033,0.097345
0.200,0.001,-0.502851,4392.174316,25.934999,-0.329566,0.096529
0.220,0.002,-0.511429,4376.697266,26.035000,-0.351617,0.093725
0.240,0.002,-0.517767,4371.609863,26.135000,-0.373668,0.090921
0.260,0.002,-0.522835,4369.850098,26.234999,-0.395720,0.088116
0.280,0.002,-0.527358,4081.392822,26.334999,-0.417771,0.085312
0.300,0.002,-0.531123,3862.120361,26.414000,-0.439867,0.082999
0.320,0.002,-0.533899,4450.897461,26.454000,-0.462046,0.081597
0.340,0.002,-0.536195,4460.100586,26.493999,-0.484225,0.080194
0.360,0.003,-0.538467,4491.293457,26.534000,-0.506404,0.078792
0.380,0.003,-0.540750,4542.508789,26.573999,-0.528583,0.077390
0.400,0.003,-0.543353,4572.666992,26.621000,-0.541303,0.077237
0.420,0.003,-0.546522,4545.964355,26.681000,-0.536460,0.079404
0.440,0.003,-0.549662,4503.712891,26.740999,-0.531616,0.081571
0.460,0.003,-0.552422,4491.189941,26.801001,-0.526772,0.083738
0.480,0.004,-0.555647,4492.009766,26.861000,-0.521929,0.085905
0.500,0.004,-0.559682,4544.945313,26.914000,-0.509635,0.086376
0.520,0.004,-0.563381,4600.165527,26.954000,-0.483505,0.083700
0.540,0.004,-0.566024,4613.604492,26.993999,-0.457374,0.081023
0.560,0.004,-0.568201,4633.595215,27.034000,-0.431244,0.078346
0.580,0.004,-0.570257,4633.396484,27.073999,-0.405114,0.075669
0.600,0.004,-0.571823,4632.146484,27.121000,-0.374210,0.068264
0.620,0.005,-0.572880,4633.221191,27.181000,-0.334441,0.052076
0.640,0.005,-0.573901,4629.750000,27.240999,-0.294672,0.035888
0.660,0.005,-0.575082,4607.848145,27.301001,-0.254903,0.019700
0.680,0.005,-0.576017,4584.401855,27.361000,-0.215134,0.003512
0.700,0.005,-0.576050,4573.455078,27.386000,-0.169254,-0.017316
0.720,0.005,-0.574915,4563.646484,27.346001,-0.112022,-0.046760
0.740,0.005,-0.572655,4586.503906,27.306000,-0.054790,-0.076205
0.760,0.006,-0.568861,4666.643066,27.266001,0.002441,-0.105649
0.780,0.006,-0.562774,4756.001953,27.226000,0.059673,-0.135093
0.800,0.006,-0.553823,4796.788086,27.137001,0.117752,-0.159808
0.820,0.006,-0.541427,4799.876953,26.957001,0.177405,-0.175742
0.840,0.006,-0.525290,4738.797363,26.777000,0.237059,-0.191675
0.860,0.006,-0.506070,4655.282227,26.597000,0.296712,-0.207608
0.880,0.007,-0.484641,4633.021973,26.417002,0.356365,-0.223541
0.900,0.007,-0.461134,4668.896484,26.237001,0.399289,-0.224038
0.920,0.007,-0.435362,4721.783691,26.057001,0.411143,-0.195868
0.940,0.007,-0.407246,4741.241211,25.877001,0.422998,-0.167699
0.960,0.007,-0.376649,4744.855957,25.697001,0.434852,-0.139529
0.980,0.007,-0.343663,4762.092285,25.517000,0.446706,-0.111359
1.000,0.007,-0.309257,4779.615234,25.407000,0.435495,-0.075873
1.020,0.007,-0.275025,4785.705566,25.427000,0.381450,-0.026799
1.040,0.008,-0.240683,4790.435059,25.447001,0.327406,0.022275
1.060,0.008,-0.202145,4782.561035,25.466999,0.273361,0.071348
1.080,0.008,-0.156265,4739.696777,25.487000,0.219316,0.120422
1.100,0.008,-0.107032,4689.802734,25.577000,0.162148,0.160663
1.120,0.008,-0.060918,4661.030273,25.797001,0.099180,0.184499
1.140,0.008,-0.017884,4654.350586,26.017000,0.036213,0.208335
1.160,0.009,0.026903,4657.718262,26.237000,-0.026755,0.232170
1.180,0.009,0.075853,4668.697266,26.457001,-0.089722,0.256006
1.200,0.009,0.128088,4703.783203,26.670000,-0.132926,0.266726
1.220,0.009,0.182655,4738.805176,26.870001,-0.139427,0.253087
1.240,0.009,0.239662,4748.167969,27.070000,-0.145928,0.239449
1.260,0.009,0.298994,4756.416016,27.270000,-0.152428,0.225810
1.280,0.009,0.359411,4738.041016,27.470001,-0.158929,0.212171
1.300,0.010,0.419761,4684.508301,27.621000,-0.153340,0.192331
1.320,0.010,0.479867,4626.007813,27.681000,-0.125297,0.160975
1.340,0.010,0.539238,4574.243164,27.740999,-0.097255,0.129619
1.360,0.010,0.596270,4546.449707,27.801001,-0.069213,0.098263
1.380,0.010,0.649679,4519.651855,27.861000,-0.041171,0.066906
1.400,0.010,0.699391,4526.172363,27.893000,-0.013887,0.036041
1.420,0.011,0.745100,4532.621094,27.872999,0.011988,0.006087
1.440,0.011,0.786254,4526.140137,27.853001,0.037863,-0.023868
1.460,0.011,0.824428,4509.771484,27.833000,0.063739,-0.053822
1.480,0.011,0.861399,4499.939453,27.813002,0.089614,-0.083776
1.500,0.011,0.894433,4499.939453,27.765001,0.114776,-0.110607
1.520,0.011,0.919121,4029.970459,27.665001,0.138611,-0.131639
1.540,0.011,0.935743,3315.721924,27.565001,0.162447,-0.152670
1.560,0.012,0.947469,3914.012695,27.465002,0.186283,-0.173702
1.580,0.012,0.955289,4471.151367,27.365002,0.210119,-0.194734
1.600,0.012,0.958765,4467.544434,27.230001,0.236721,-0.210055
1.620,0.012,0.958452,4476.979004,27.030001,0.268460,-0.214771
1.640,0.012,0.955156,4461.414063,26.830002,0.300198,-0.219487
1.660,0.012,0.949094,4468.467773,26.630001,0.331937,-0.224204
1.680,0.012,0.940427,4442.314941,26.430000,0.363676,-0.228920
1.700,0.013,0.929140,4358.728516,26.258001,0.393942,-0.226632
1.720,0.013,0.914794,4337.447266,26.138000,0.421474,-0.211336
1.740,0.013,0.897242,4338.203613,26.018002,0.449007,-0.196040
1.760,0.013,0.876628,4330.162598,25.898001,0.476539,-0.180745
1.780,0.013,0.852826,4302.369629,25.778000,0.504071,-0.165449
1.800,0.013,0.826386,4273.302734,25.679001,0.524689,-0.145469
1.820,0.013,0.797946,4271.168945,25.619001,0.532464,-0.116789
1.840,0.014,0.765346,4289.241211,25.559000,0.540239,-0.088110
1.860,0.014,0.726284,4355.981445,25.499001,0.548015,-0.059430
1.880,0.014,0.684543,4459.249023,25.438999,0.555790,-0.030751
1.900,0.014,0.646547,4527.008301,25.407000,0.555714,-0.000242
1.920,0.014,0.612758,4665.002930,25.427000,0.541055,0.033664
1.940,0.014,0.579270,4856.562012,25.447001,0.526397,0.067569
1.960,0.014,0.544909,5091.248047,25.466999,0.511738,0.101475
1.980,0.015,0.511467,5396.655273,25.487000,0.497080,0.135380
2.000,0.015,0.479974,5657.693359,25.556000,0.474480,0.165583
2.020,0.015,0.450036,5715.238281,25.716000,0.437133,0.188909
2.040,0.015,0.421426,5626.229980,25.876001,0.399786,0.212235
2.060,0.015,0.394409,5394.824219,26.036001,0.362439,0.235561
2.080,0.015,0.368744,5081.893555,26.196001,0.325092,0.258887
2.100,0.015,0.343607,4574.115723,26.412001,0.284131,0.269766
2.120,0.016,0.318207,4251.687500,26.732000,0.236460,0.257529
2.140,0.016,0.291683,4132.672363,27.052000,0.188788,0.245293
2.160,0.016,0.263245,3953.238525,27.372000,0.141116,0.233056
2.180,0.016,0.233134,3906.974854,27.691999,0.093444,0.220820
2.200,0.016,0.202718,3902.126465,27.914000,0.048985,0.198501
2.220,0.016,0.171841,3945.117920,27.954000,0.010490,0.157457
2.240,0.017,0.136651,4078.519043,27.993999,-0.028004,0.116414
2.260,0.017,0.094713,4249.195313,28.034000,-0.066498,0.075370
2.280,0.017,0.051197,4664.819824,28.073999,-0.104992,0.034326
2.300,0.017,0.012946,5143.840820,28.044001,-0.138981,0.001179
2.320,0.017,-0.020702,5287.990234,27.884001,-0.164601,-0.017303
2.340,0.017,-0.054083,5369.825195,27.724001,-0.190222,-0.035786
2.360,0.017,-0.087367,5384.554199,27.564001,-0.215842,-0.054268
2.380,0.018,-0.118154,5314.286621,27.404001,-0.241462,-0.072750
2.400,0.018,-0.145880,5255.348633,27.307001,-0.265700,-0.081552
2.420,0.018,-0.171321,5113.961914,27.327002,-0.287369,-0.072374
2.440,0.018,-0.194709,4732.985352,27.347002,-0.309038,-0.063197
2.460,0.018,-0.215746,4407.929688,27.367001,-0.330707,-0.054019
2.480,0.018,-0.234553,4284.090332,27.387001,-0.352376,-0.044842
2.500,0.019,-0.252113,3802.043457,27.407001,-0.374937,-0.035575
2.520,0.019,-0.269463,2710.727539,27.427002,-0.399155,-0.026143
2.540,0.019,-0.286640,2513.690918,27.447001,-0.423373,-0.016710
2.560,0.019,-0.303193,3670.553223,27.467001,-0.447592,-0.007278
2.580,0.019,-0.319284,4408.351563,27.487000,-0.471810,0.002154
2.600,0.019,-0.335650,4591.917480,27.493000,-0.496608,0.014174
2.620,0.019,-0.353243,4774.734863,27.473000,-0.522483,0.031000
2.640,0.020,-0.372346,4896.249512,27.452999,-0.548359,0.047825
2.660,0.020,-0.391152,5217.969727,27.433001,-0.574234,0.064650
2.680,0.020,-0.407269,5607.488770,27.413000,-0.600109,0.081475
2.700,0.020,-0.420996,5965.568848,27.434999,-0.617687,0.102807
2.720,0.020,-0.434419,5966.834473,27.535000,-0.619853,0.132506
2.740,0.020,-0.448021,5907.840332,27.635000,-0.622020,0.162205
2.760,0.021,-0.460896,5959.135742,27.734999,-0.624187,0.191904
2.780,0.021,-0.472843,5895.794922,27.834999,-0.626354,0.221604
2.800,0.021,-0.483916,5678.337402,27.997999,-0.617903,0.247600
2.820,0.021,-0.493464,5559.083496,28.278000,-0.589734,0.266720
2.840,0.021,-0.501208,5228.096680,28.558001,-0.561564,0.285839
2.860,0.021,-0.507821,4201.498535,28.838001,-0.533394,0.304959
2.880,0.021,-0.513929,4139.861328,29.118000,-0.505225,0.324079
2.900,0.022,-0.519980,5437.688477,29.377001,-0.477144,0.336328
2.920,0.022,-0.526732,5540.175293,29.597000,-0.449229,0.335818
2.940,0.022,-0.534762,5581.622070,29.817001,-0.421315,0.335308
2.960,0.022,-0.544006,5643.227539,30.037001,-0.393400,0.334798
2.980,0.022,-0.553981,5717.300293,30.257000,-0.365485,0.334289
3.000,0.023,-0.564705,5754.392578,30.462999,-0.346895,0.332351
3.020,0.023,-0.577565,5773.985352,30.643000,-0.345620,0.327762
3.040,0.023,-0.593398,5807.901367,30.823000,-0.344345,0.323174
3.060,0.023,-0.609904,5842.875488,31.003000,-0.343071,0.318585
3.080,0.023,-0.623888,5847.835449,31.183001,-0.341796,0.313996
3.100,0.023,-0.634849,5223.940918,31.384001,-0.342261,0.307400
3.120,0.024,-0.643861,4264.656250,31.624001,-0.345958,0.297075
3.140,0.024,-0.651317,5043.018066,31.864000,-0.349654,0.286751
3.160,0.024,-0.657120,5842.087402,32.104000,-0.353351,0.276426
3.180,0.024,-0.660998,5896.646484,32.344002,-0.357047,0.266101
3.200,0.024,-0.662539,5919.933594,32.563000,-0.353472,0.249486
3.220,0.024,-0.661913,5363.304688,32.743000,-0.336391,0.221189
3.240,0.025,-0.659871,3494.566406,32.923000,-0.319311,0.192892
3.260,0.025,-0.656822,2062.948486,33.103001,-0.302231,0.164595
3.280,0.025,-0.652603,2773.096924,33.283001,-0.285151,0.136298
3.300,0.025,-0.647274,4478.403809,33.386002,-0.263386,0.104878
3.320,0.025,-0.641670,5958.944824,33.346001,-0.232922,0.067658
3.340,0.026,-0.636891,5958.944824,33.306000,-0.202458,0.030439
3.360,0.026,-0.633399,5958.944824,33.266003,-0.171994,-0.006781
3.380,0.026,-0.630804,5958.944824,33.226002,-0.141530,-0.044001
3.400,0.026,-0.628452,5958.944824,33.165001,-0.118695,-0.073413
3.420,0.026,-0.625995,4922.148438,33.065002,-0.110027,-0.088326
3.440,0.026,-0.623245,3381.538818,32.965000,-0.101360,-0.103240
3.460,0.027,-0.619818,4813.650391,32.865002,-0.092692,-0.118153
3.480,0.027,-0.615095,5399.210938,32.764999,-0.084024,-0.133066
3.500,0.027,-0.608255,4666.197266,32.665001,-0.088964,-0.137897
3.520,0.027,-0.598396,5850.980469,32.565002,-0.119173,-0.124004
3.540,0.027,-0.584898,5458.905273,32.465000,-0.149382,-0.110110
3.560,0.028,-0.567542,4572.929199,32.365002,-0.179591,-0.096216
3.580,0.028,-0.546171,4770.619141,32.264999,-0.209800,-0.082323
3.600,0.028,-0.520815,6013.129883,32.207001,-0.238046,-0.069411
3.620,0.028,-0.492210,5617.798828,32.227001,-0.262647,-0.058321
3.640,0.028,-0.461391,4257.801758,32.247002,-0.287248,-0.047232
3.660,0.028,-0.429110,2994.917480,32.266998,-0.311848,-0.036142
3.680,0.029,-0.396315,2994.917480,32.286999,-0.336449,-0.025053
3.700,0.029,-0.364197,2994.917480,32.306999,-0.345658,-0.021235
3.720,0.029,-0.333211,2994.917480,32.327000,-0.326284,-0.030923
3.740,0.029,-0.303195,2610.604980,32.347000,-0.306909,-0.040610
3.760,0.029,-0.274570,2578.791260,32.367001,-0.287534,-0.050297
3.780,0.030,-0.247555,4474.884766,32.387001,-0.268160,-0.059985
3.800,0.030,-0.220113,5598.723633,32.365002,-0.238480,-0.071947
3.820,0.030,-0.190238,5488.203125,32.264999,-0.189661,-0.088135
3.840,0.030,-0.160210,5434.830078,32.165001,-0.140842,-0.104323
3.860,0.030,-0.133733,5424.894531,32.064999,-0.092023,-0.120511
3.880,0.030,-0.110186,5424.894531,31.965000,-0.043204,-0.136699
3.900,0.031,-0.086489,4845.750977,31.837000,-0.003040,-0.143519
3.920,0.031,-0.061965,3956.725586,31.657000,0.021051,-0.132939
3.940,0.031,-0.037870,4769.145996,31.476999,0.045142,-0.122359
3.960,0.031,-0.014465,5675.391602,31.296999,0.069233,-0.111780
3.980,0.031,0.009528,5740.897949,31.117001,0.093323,-0.101200
4.000,0.031,0.035312,5721.854492,31.024500,0.109072,-0.083840
4.020,0.032,0.062801,4920.516113,31.094500,0.109326,-0.053885
4.040,0.032,0.091370,3708.067383,31.164499,0.109581,-0.023931
4.060,0.032,0.120907,4760.141602,31.234501,0.109836,0.006023
4.080,0.032,0.151586,4871.203125,31.304501,0.110091,0.035977
4.100,0.032,0.183449,4161.476563,31.374500,0.116637,0.058570
4.120,0.033,0.216484,5925.610352,31.444500,0.134864,0.067493
4.140,0.033,0.250686,5833.043457,31.514500,0.153091,0.076415
4.160,0.033,0.285917,4694.531738,31.584501,0.171319,0.085338
4.180,0.033,0.322087,2941.894531,31.654501,0.189546,0.094260
4.200,0.033,0.359611,2881.817871,31.707001,0.213886,0.092253
4.220,0.033,0.399019,2730.232910,31.727001,0.249576,0.069946
4.240,0.034,0.439661,3152.584717,31.747002,0.285266,0.047640
4.260,0.034,0.479647,4382.086914,31.767000,0.320956,0.025334
4.280,0.034,0.517549,4936.526367,31.787001,0.356646,0.003027
4.300,0.034,0.553222,4382.118652,31.786001,0.389302,-0.019814
4.320,0.034,0.586562,3057.605469,31.746000,0.416325,-0.043650
4.340,0.034,0.616628,2904.117676,31.706001,0.443347,-0.067486
4.360,0.035,0.643216,4186.618652,31.666000,0.470370,-0.091322
4.380,0.035,0.668128,5014.762695,31.626001,0.497392,-0.115158
4.400,0.035,0.692588,5408.772461,31.551001,0.518794,-0.129625
4.420,0.035,0.714724,5633.037109,31.410999,0.529755,-0.126693
4.440,0.035,0.732344,5726.663086,31.271000,0.540717,-0.123762
4.460,0.036,0.746126,5776.779785,31.131001,0.551679,-0.120830
4.480,0.036,0.757689,5797.018066,30.990999,0.562641,-0.117898
4.500,0.036,0.767265,5844.658691,30.879000,0.564235,-0.108275
4.520,0.036,0.774740,5898.294922,30.819000,0.548429,-0.086223
4.540,0.036,0.780518,5898.915527,30.759001,0.532623,-0.064172
4.560,0.036,0.784559,4810.791992,30.698999,0.516818,-0.042120
4.580,0.037,0.786020,3417.619873,30.639000,0.501012,-0.020069
4.600,0.037,0.784434,4802.902344,30.628000,0.475035,-0.003371
4.620,0.037,0.780626,5191.331055,30.708000,0.430167,0.003384
4.640,0.037,0.775810,5120.840820,30.788000,0.385300,0.010140
4.660,0.037,0.770536,5044.634277,30.868000,0.340432,0.016896
4.680,0.037,0.765186,4325.035645,30.948000,0.295565,0.023651
4.700,0.038,0.760273,2818.540771,31.007000,0.248779,0.018317
4.720,0.038,0.755755,3057.613525,31.027000,0.198431,-0.009470
4.740,0.038,0.751270,4366.251465,31.047001,0.148082,-0.037258
4.760,0.038,0.746724,4587.809082,31.066999,0.097734,-0.065045
4.780,0.038,0.741941,4613.875000,31.087000,0.047385,-0.092832
4.800,0.038,0.736573,4728.590820,31.023001,0.008056,-0.125973
4.820,0.039,0.730630,4829.119141,30.802999,-0.010809,-0.169056
4.840,0.039,0.724622,5003.967285,30.583000,-0.029674,-0.212139
4.860,0.039,0.719095,5143.140625,30.363001,-0.048538,-0.255222
4.880,0.039,0.713753,5193.623535,30.143000,-0.067403,-0.298305
4.900,0.039,0.707283,5199.093262,29.881001,-0.072170,-0.332867
4.920,0.039,0.698464,5149.087891,29.541000,-0.050756,-0.351604
4.940,0.040,0.686878,5141.946289,29.201000,-0.029342,-0.370342
4.960,0.040,0.672609,5128.626953,28.861000,-0.007928,-0.389079
4.980,0.040,0.655882,5059.251465,28.521002,0.013486,-0.407816
5.000,0.040,0.636653,4891.974121,28.209002,0.036461,-0.412902
5.020,0.040,0.614622,4649.732910,27.949001,0.062337,-0.392635
5.040,0.040,0.590060,4467.791504,27.689001,0.088212,-0.372368
5.060,0.040,0.563872,4371.052734,27.429001,0.114087,-0.352101
5.080,0.041,0.536778,4270.969727,27.169001,0.139963,-0.331835
5.100,0.041,0.509290,4270.969727,26.958000,0.153659,-0.305947
5.120,0.041,0.482192,3816.326416,26.837999,0.144736,-0.269619
5.140,0.041,0.455536,3086.123047,26.718000,0.135814,-0.233292
5.160,0.041,0.427344,3576.290283,26.598000,0.126891,-0.196964
5.180,0.041,0.396466,4102.928711,26.477999,0.117969,-0.160637
5.200,0.042,0.366263,4154.000977,26.386000,0.101283,-0.128682
5.220,0.042,0.340819,4240.859863,26.346001,0.070182,-0.104846
5.240,0.042,0.319244,4322.798340,26.306000,0.039081,-0.081010
5.260,0.042,0.298202,4424.266602,26.266001,0.007979,-0.057174
5.280,0.042,0.276587,4514.238281,26.226000,-0.023122,-0.033338
5.300,0.042,0.254836,4579.425781,26.207001,-0.044453,-0.017889
5.320,0.042,0.233078,4648.976563,26.227001,-0.047640,-0.018017
5.340,0.043,0.210884,4653.490723,26.247002,-0.050826,-0.018144
5.360,0.043,0.187486,4676.586914,26.267000,-0.054013,-0.018272
5.380,0.043,0.162508,4712.827148,26.287001,-0.057200,-0.018399
5.400,0.043,0.136284,4730.278320,26.286001,-0.050705,-0.028252
5.420,0.043,0.109301,4723.129395,26.246000,-0.026232,-0.056167
5.440,0.043,0.081845,4613.484863,26.206001,-0.001759,-0.084082
5.460,0.043,0.054226,4242.221191,26.166000,0.022714,-0.111997
5.480,0.044,0.027110,3853.649414,26.126001,0.047188,-0.139911
5.500,0.044,0.001099,3767.905273,26.044001,0.064166,-0.167068
5.520,0.044,-0.023948,3649.177002,25.884001,0.067225,-0.192815
5.540,0.044,-0.049167,3562.986816,25.724001,0.070284,-0.218563
5.560,0.044,-0.076619,3492.520508,25.564001,0.073343,-0.244311
5.580,0.044,-0.107034,3414.817383,25.404001,0.076402,-0.270059
5.600,0.044,-0.137436,3341.453125,25.202002,0.071208,-0.283583
5.620,0.045,-0.164566,3435.676270,24.922001,0.050686,-0.274405
5.640,0.045,-0.189027,3766.074219,24.642000,0.030165,-0.265228
5.660,0.045,-0.212592,4194.134277,24.362000,0.009643,-0.256051
5.680,0.045,-0.235085,4372.875488,24.082001,-0.010879,-0.246873
5.700,0.045,-0.255965,4419.744141,23.858000,-0.032605,-0.230959
5.720,0.045,-0.275309,4577.674316,23.738001,-0.056569,-0.202535
5.740,0.045,-0.293111,4771.295898,23.618000,-0.080532,-0.174110
5.760,0.045,-0.309368,4849.771484,23.498001,-0.104495,-0.145685
5.780,0.046,-0.324171,4741.591797,23.378000,-0.128459,-0.117261
5.800,0.046,-0.337672,4545.757324,23.290668,-0.151173,-0.093744
5.820,0.046,-0.350165,4170.401367,23.264002,-0.171567,-0.079340
5.840,0.046,-0.361820,3845.003174,23.237335,-0.191961,-0.064937
5.860,0.046,-0.372959,3738.551514,23.210669,-0.212356,-0.050533
5.880,0.046,-0.384269,3687.176514,23.184002,-0.232750,-0.036130
5.900,0.046,-0.395907,3654.343750,23.157335,-0.249575,-0.028775
5.920,0.046,-0.407947,3621.598633,23.130667,-0.259773,-0.034511
5.940,0.047,-0.422201,3577.842773,23.104000,-0.269970,-0.040247
5.960,0.047,-0.440453,3554.675049,23.077333,-0.280167,-0.045983
5.980,0.047,-0.461017,3538.744385,23.050667,-0.290364,-0.051719
6.000,0.047,-0.480815,3532.383301,23.024000,-0.298108,-0.059150
6.020,0.047,-0.499503,3536.125000,22.997334,-0.301294,-0.069729
6.040,0.047,-0.518220,3555.327881,22.970667,-0.304481,-0.080309
6.060,0.047,-0.536945,3617.816895,22.944000,-0.307667,-0.090888
6.080,0.047,-0.555059,3686.022217,22.917334,-0.310854,-0.101468
6.100,0.048,-0.572081,3735.366943,22.872000,-0.315914,-0.109148
6.120,0.048,-0.587534,3827.384766,22.792000,-0.324454,-0.111442
6.140,0.048,-0.601160,3923.749512,22.712000,-0.332995,-0.113736
6.160,0.048,-0.612863,3988.507324,22.632000,-0.341535,-0.116031
6.180,0.048,-0.622591,4136.071777,22.552000,-0.350075,-0.118325
6.200,0.048,-0.630452,4362.708984,22.465000,-0.360132,-0.117720
6.220,0.048,-0.636694,4492.973145,22.365000,-0.373006,-0.111729
6.240,0.048,-0.641613,4554.228027,22.264999,-0.385880,-0.105738
6.260,0.049,-0.645077,4608.819824,22.165001,-0.398753,-0.099747
6.280,0.049,-0.646532,4411.345215,22.065001,-0.411627,-0.093756
6.300,0.049,-0.646188,4174.652832,21.993000,-0.421289,-0.088167
6.320,0.049,-0.644914,4063.487793,21.973000,-0.424986,-0.083323
6.340,0.049,-0.642675,3964.296875,21.952999,-0.428682,-0.078480
6.360,0.049,-0.638969,3912.197510,21.933001,-0.432379,-0.073636
6.380,0.049,-0.634339,3853.092285,21.913000,-0.436075,-0.068792
6.400,0.049,-0.629732,3777.666016,21.886000,-0.434998,-0.066224
6.420,0.050,-0.625297,3754.625732,21.846001,-0.425056,-0.067881
6.440,0.050,-0.620779,3729.372070,21.806000,-0.415114,-0.069538
6.460,0.050,-0.616133,3746.019287,21.766001,-0.405171,-0.071195
6.480,0.050,-0.611501,3736.417725,21.726000,-0.395229,-0.072852
6.500,0.050,-0.606968,3721.092041,21.672001,-0.384618,-0.074152
6.520,0.050,-0.602167,3756.042725,21.592001,-0.372763,-0.074790
6.540,0.050,-0.596488,3825.067871,21.512001,-0.360909,-0.075427
6.560,0.050,-0.589929,3869.261719,21.432001,-0.349055,-0.076064
6.580,0.051,-0.582815,3940.699219,21.352001,-0.337201,-0.076702
6.600,0.051,-0.574710,4091.655273,21.279001,-0.327443,-0.073904
6.620,0.051,-0.564895,4213.918457,21.219002,-0.321580,-0.064726
6.640,0.051,-0.553412,4270.277344,21.159000,-0.315717,-0.055549
6.660,0.051,-0.540542,4254.434082,21.099001,-0.309853,-0.046371
6.680,0.051,-0.526286,4152.981934,21.039000,-0.303990,-0.037194
6.700,0.051,-0.510102,4033.258545,21.014000,-0.298082,-0.026143
6.720,0.051,-0.490156,3956.813232,21.054001,-0.292091,-0.011612
6.740,0.051,-0.465448,3846.945801,21.094000,-0.286100,0.002919
6.760,0.052,-0.438938,3802.019775,21.134001,-0.280110,0.017450
6.780,0.052,-0.414272,3787.004639,21.174000,-0.274119,0.031981
6.800,0.052,-0.390955,3806.979736,21.214001,-0.264871,0.045486
6.820,0.052,-0.366727,3831.110596,21.254000,-0.249575,0.057085
6.840,0.052,-0.341186,3921.066406,21.294001,-0.234280,0.068684
6.860,0.052,-0.314770,4004.899902,21.334000,-0.218984,0.080284
6.880,0.052,-0.287908,4063.862061,21.374001,-0.203688,0.091883
6.900,0.052,-0.261302,4184.063477,21.427999,-0.184467,0.099958
6.920,0.053,-0.234831,4205.662598,21.507999,-0.157954,0.101487
6.940,0.053,-0.207748,4162.838379,21.588001,-0.131441,0.103017
6.960,0.053,-0.180423,4031.371582,21.668001,-0.104929,0.104547
6.980,0.053,-0.153740,3945.985596,21.748001,-0.078416,0.106076
7.000,0.053,-0.127387,3911.544678,21.828001,-0.050833,0.102341
7.020,0.053,-0.100470,3819.160645,21.908001,-0.021261,0.088830
7.040,0.053,-0.072755,3762.698242,21.988001,0.008311,0.075319
7.060,0.053,-0.044808,3766.790527,22.068001,0.037883,0.061808
7.080,0.054,-0.018079,3809.869629,22.148001,0.067454,0.048296
7.100,0.054,0.006965,3857.327637,22.175501,0.093636,0.032644
7.120,0.054,0.033308,3897.389160,22.105501,0.113520,0.013014
7.140,0.054,0.063178,3992.838379,22.035501,0.133405,-0.006615
7.160,0.054,0.092705,4072.516113,21.965500,0.153289,-0.026245
7.180,0.054,0.117259,4121.398926,21.895500,0.173173,-0.045874
7.200,0.054,0.138298,4173.705566,21.825500,0.187927,-0.062693
7.220,0.054,0.159294,4104.998535,21.755501,0.193154,-0.074293
7.240,0.054,0.180603,3909.506348,21.685501,0.198380,-0.085892
7.260,0.055,0.201466,3650.976074,21.615499,0.203606,-0.097491
7.280,0.055,0.221777,3544.890625,21.545500,0.208832,-0.109090
7.300,0.055,0.241319,3519.477783,21.493000,0.210712,-0.116898
7.320,0.055,0.259988,3455.340820,21.473000,0.206378,-0.117662
7.340,0.055,0.277734,3428.280029,21.452999,0.202044,-0.118427
7.360,0.055,0.293999,3439.409912,21.433001,0.197710,-0.119192
7.380,0.055,0.308378,3479.225098,21.413000,0.193377,-0.119957
7.400,0.055,0.320680,3548.887207,21.365000,0.188909,-0.117688
7.420,0.056,0.330273,3568.440430,21.264999,0.184193,-0.109785
7.440,0.056,0.336957,3592.961426,21.164999,0.179477,-0.101882
7.460,0.056,0.341442,3615.364746,21.065001,0.174760,-0.093979
7.480,0.056,0.344071,3648.715088,20.965000,0.170044,-0.086077
7.500,0.056,0.344722,3703.234863,20.879000,0.166176,-0.075943
7.520,0.056,0.343858,3745.581299,20.819000,0.163881,-0.061667
7.540,0.056,0.341940,3808.460693,20.759001,0.161587,-0.047391
7.560,0.056,0.338537,3895.279541,20.698999,0.159293,-0.033115
7.580,0.056,0.333524,3933.884277,20.639000,0.156998,-0.018839
7.600,0.057,0.328022,3932.435303,20.607000,0.154838,-0.008667
7.620,0.057,0.322930,3928.741211,20.627001,0.152926,-0.006118
7.640,0.057,0.317855,3851.085693,20.647001,0.151014,-0.003569
7.660,0.057,0.312272,3659.781494,20.667000,0.149102,-0.001020
7.680,0.057,0.306388,3449.377686,20.687000,0.147190,0.001530
7.700,0.057,0.300791,3136.327637,20.714001,0.145233,-0.004576
7.720,0.057,0.296074,2944.267090,20.754000,0.143194,-0.026755
7.740,0.057,0.292363,2938.542725,20.794001,0.141154,-0.048933
7.760,0.058,0.289113,2983.110840,20.834000,0.139115,-0.071112
7.780,0.058,0.285758,3004.948730,20.874001,0.137076,-0.093291
7.800,0.058,0.282241,3007.679443,20.844000,0.139854,-0.117121
7.820,0.058,0.278955,3042.510742,20.684000,0.151581,-0.144016
7.840,0.058,0.276491,3116.392334,20.524000,0.163308,-0.170911
7.860,0.058,0.275223,3196.937744,20.364000,0.175034,-0.197806
7.880,0.058,0.275124,3312.975098,20.204000,0.186761,-0.224701
7.900,0.058,0.276089,3396.760986,20.016001,0.207054,-0.244279
7.920,0.058,0.278212,3464.592041,19.776001,0.243253,-0.250270
7.940,0.059,0.281519,3499.590332,19.535999,0.279453,-0.256261
7.960,0.059,0.285684,3506.763428,19.296000,0.315653,-0.262252
7.980,0.059,0.290453,3516.269287,19.056000,0.351853,-0.268243
8.000,0.059,0.296008,3519.668945,18.851000,0.389436,-0.267497
8.020,0.059,0.302497,3519.143555,18.711000,0.429587,-0.254241
8.040,0.059,0.309794,3518.936523,18.571001,0.469739,-0.240984
8.060,0.059,0.317687,3518.936523,18.431000,0.509890,-0.227728
8.080,0.059,0.326111,3458.358154,18.291000,0.550041,-0.214472
8.100,0.059,0.335995,3241.139404,18.165001,0.580913,-0.200412
8.120,0.059,0.348754,2961.010010,18.065001,0.594552,-0.184862
8.140,0.060,0.363886,2814.082520,17.965000,0.608191,-0.169311
8.160,0.060,0.379446,2846.564941,17.865002,0.621830,-0.153760
8.180,0.060,0.395003,2864.987549,17.765001,0.635468,-0.138210
8.200,0.060,0.411366,2887.836670,17.672001,0.637954,-0.125916
8.220,0.060,0.428455,2945.541016,17.592001,0.619726,-0.119670
8.240,0.060,0.445384,2991.119873,17.512001,0.601499,-0.113424
8.260,0.060,0.461295,3034.581055,17.432001,0.583271,-0.107178
8.280,0.060,0.475340,3035.615967,17.352001,0.565044,-0.100933
8.300,0.060,0.486786,2983.230225,17.265001,0.543337,-0.096694
8.320,0.060,0.495382,2921.632813,17.165001,0.515167,-0.096185
8.340,0.060,0.501401,2854.303223,17.065001,0.486998,-0.095675
8.360,0.061,0.505153,2838.890137,16.965002,0.458828,-0.095165
8.380,0.061,0.506728,2822.951416,16.865002,0.430658,-0.094655
8.400,0.061,0.506270,2845.633301,16.779001,0.407708,-0.093253
8.420,0.061,0.503984,2902.859863,16.719002,0.394452,-0.090194
8.440,0.061,0.500150,2915.359131,16.659000,0.381196,-0.087135
8.460,0.061,0.495207,2876.117432,16.599001,0.367939,-0.084075
8.480,0.061,0.489171,2863.052979,16.539000,0.354683,-0.081016
8.500,0.061,0.482018,2876.101563,16.493000,0.347940,-0.077645
8.520,0.061,0.475267,2849.518555,16.473000,0.353294,-0.073693
8.540,0.061,0.471134,2789.585205,16.452999,0.358647,-0.069742
8.560,0.062,0.469832,2779.959717,16.433001,0.364001,-0.065791
8.580,0.062,0.469717,2815.626709,16.413000,0.369354,-0.061839
8.600,0.062,0.469760,2866.762939,16.379000,0.376804,-0.057799
8.620,0.062,0.470409,2828.627686,16.319000,0.388149,-0.053592
8.640,0.062,0.472393,2821.263428,16.259001,0.399493,-0.049386
8.660,0.062,0.475523,2849.900635,16.198999,0.410837,-0.045180
8.680,0.062,0.478813,2863.872803,16.139000,0.422182,-0.040973
8.700,0.062,0.481492,2848.770020,16.103500,0.434552,-0.034759
8.720,0.062,0.483446,2810.635010,16.113501,0.448828,-0.024817
8.740,0.062,0.484859,2815.419678,16.123501,0.463104,-0.014875
8.760,0.062,0.485996,2874.811768,16.133501,0.477380,-0.004933
8.780,0.062,0.487111,2875.297363,16.143501,0.491656,0.005010
8.800,0.063,0.488285,2823.779297,16.153502,0.506289,0.017049
8.820,0.063,0.489525,2862.033936,16.163502,0.521585,0.032982
8.840,0.063,0.490721,2925.533936,16.173502,0.536881,0.048915
8.860,0.063,0.491579,2895.973389,16.183500,0.552176,0.064848
8.880,0.063,0.492186,2845.880127,16.193501,0.567472,0.080781
8.900,0.063,0.492990,2862.264648,16.242001,0.578128,0.094751
8.920,0.063,0.493901,2903.616211,16.362001,0.580168,0.105076
8.940,0.063,0.494578,2914.873535,16.482000,0.582207,0.115400
8.960,0.063,0.495240,2892.088135,16.602001,0.584247,0.125725
8.980,0.063,0.496279,2916.242920,16.722002,0.586286,0.136049
9.000,0.064,0.497747,2996.573486,16.842001,0.582838,0.142537
9.020,0.064,0.499421,2999.208740,16.962000,0.569199,0.141900
9.040,0.064,0.500950,2945.166504,17.082001,0.555561,0.141263
9.060,0.064,0.502185,2946.225586,17.202000,0.541922,0.140625
9.080,0.064,0.503100,2981.852783,17.322001,0.528283,0.139988
9.100,0.064,0.503474,2972.999756,17.414000,0.514734,0.138860
9.120,0.064,0.503413,2925.318848,17.454000,0.501350,0.136821
9.140,0.064,0.503612,2901.928467,17.493999,0.487966,0.134781
9.160,0.064,0.504444,2912.238525,17.534000,0.474582,0.132742
9.180,0.064,0.505630,2938.240234,17.573999,0.461199,0.130702
9.200,0.064,0.507038,2967.132080,17.635000,0.454864,0.128886
9.220,0.065,0.508826,3012.750977,17.735001,0.461619,0.127484
9.240,0.065,0.510996,3044.962646,17.835001,0.468375,0.126082
9.260,0.065,0.513560,3043.832275,17.934999,0.475131,0.124680
9.280,0.065,0.516406,3025.791748,18.035000,0.481886,0.123277
9.300,0.065,0.518858,3016.890869,18.142000,0.496360,0.118708
9.320,0.065,0.520379,2994.431641,18.262001,0.525167,0.108256
9.340,0.065,0.521219,2937.730713,18.382000,0.553974,0.097804
9.360,0.065,0.521676,2923.543457,18.502001,0.582781,0.087352
9.380,0.065,0.521558,2957.984619,18.622002,0.611588,0.076899
9.400,0.066,0.520816,2989.790283,18.707001,0.640082,0.065154
9.420,0.066,0.520001,3045.727051,18.727001,0.667997,0.051005
9.440,0.066,0.519640,3110.302002,18.747002,0.695912,0.036857
9.460,0.066,0.519895,3117.419434,18.767000,0.723827,0.022708
9.480,0.066,0.521195,3078.177734,18.787001,0.751741,0.008559
9.500,0.066,0.524069,3050.511719,18.786001,0.772250,-0.000816
9.520,0.066,0.528454,3029.310547,18.746000,0.779006,-0.001325
9.540,0.066,0.534280,3021.914551,18.706001,0.785762,-0.001835
9.560,0.066,0.541791,3029.350342,18.666000,0.792517,-0.002345
9.580,0.066,0.550672,3053.369873,18.626001,0.799273,-0.002855
9.600,0.067,0.560184,3096.377441,18.614000,0.801433,0.001007
9.620,0.067,0.570037,3101.162109,18.653999,0.795060,0.012989
9.640,0.067,0.580778,3091.529053,18.694000,0.788687,0.024970
9.660,0.067,0.593817,3114.943359,18.733999,0.782314,0.036952
9.680,0.067,0.609667,3165.713135,18.774000,0.775940,0.048934
9.700,0.067,0.626218,3166.533203,18.813999,0.770906,0.060737
9.720,0.067,0.641307,3147.967285,18.854000,0.768356,0.072209
9.740,0.067,0.655263,3131.502930,18.893999,0.765807,0.083681
9.760,0.067,0.668628,3112.992920,18.934000,0.763258,0.095152
9.780,0.067,0.680651,3098.025391,18.973999,0.760708,0.106624
9.800,0.068,0.691041,3092.524170,19.042000,0.759274,0.114126
9.820,0.068,0.700114,3125.277344,19.162001,0.759912,0.114253
9.840,0.068,0.707526,3169.502930,19.282000,0.760549,0.114380
9.860,0.068,0.712572,3184.732910,19.402000,0.761186,0.114508
9.880,0.068,0.715073,3203.983643,19.522001,0.761824,0.114635
9.900,0.068,0.715763,3198.522217,19.614000,0.760186,0.111640
9.920,0.068,0.715863,3183.029297,19.654001,0.754322,0.102845
9.940,0.068,0.715863,3171.979004,19.694000,0.748459,0.094050
9.960,0.068,0.715335,3166.565186,19.734001,0.742596,0.085255
9.980,0.069,0.714187,3158.125977,19.774000,0.736732,0.076460
10.000,0.069,0.713171,3164.017578,19.807001,0.730691,0.069761
10.020,0.069,0.713015,3189.390381,19.827002,0.724317,0.066957
10.040,0.069,0.713762,3204.644287,19.847000,0.717944,0.064153
10.060,0.069,0.715225,3211.554932,19.867001,0.711571,0.061349
10.080,0.069,0.717269,3243.281250,19.886999,0.705198,0.058545
10.100,0.069,0.719299,3300.093506,19.914000,0.700877,0.059176
10.120,0.069,0.720680,3324.734131,19.954000,0.700367,0.066186
10.140,0.069,0.721905,3348.976563,19.993999,0.699857,0.073197
10.160,0.070,0.723813,3304.878418,20.034000,0.699347,0.080207
10.180,0.070,0.726012,3229.093750,20.073999,0.698837,0.087218
10.200,0.070,0.727609,3190.831299,20.142000,0.697970,0.092533
10.220,0.070,0.728657,3207.367188,20.262001,0.696441,0.094700
10.240,0.070,0.729716,3267.842041,20.382000,0.694911,0.096867
10.260,0.070,0.730929,3332.989990,20.502001,0.693382,0.099034
10.280,0.070,0.732143,3433.853027,20.622002,0.691852,0.101201
10.300,0.070,0.733232,3465.149414,20.721001,0.686575,0.097612
10.320,0.070,0.734273,3447.634033,20.781000,0.674338,0.083336
10.340,0.071,0.735561,3422.826416,20.841000,0.662102,0.069060
10.360,0.071,0.737134,3431.169922,20.901001,0.649865,0.054784
10.380,0.071,0.738608,3477.322266,20.961000,0.637629,0.040508
10.400,0.071,0.739601,3493.468018,20.986000,0.623518,0.026946
10.420,0.071,0.739590,3477.011719,20.946001,0.605928,0.014710
10.440,0.071,0.737629,3443.749023,20.906000,0.588338,0.002473
10.460,0.071,0.733242,3380.137451,20.866001,0.570748,-0.009764
10.480,0.071,0.727060,3396.585693,20.826000,0.553158,-0.022000
10.500,0.072,0.719711,3516.946045,20.786001,0.538245,-0.025894
10.520,0.072,0.711149,3597.340088,20.746000,0.528302,-0.014295
10.540,0.072,0.701460,3650.737305,20.706001,0.518360,-0.002696
10.560,0.072,0.690787,3675.704102,20.666000,0.508418,0.008904
10.580,0.072,0.678764,3674.979736,20.626001,0.498476,0.020503
10.600,0.072,0.665489,3648.898193,20.628000,0.490050,0.037456
10.620,0.072,0.651850,3583.129150,20.708000,0.484442,0.064351
10.640,0.072,0.637997,3540.854248,20.788000,0.478833,0.091246
10.660,0.072,0.623532,3515.377686,20.868000,0.473225,0.118141
10.680,0.073,0.609168,3566.497803,20.948000,0.467616,0.145036
10.700,0.073,0.595861,3727.103027,21.070000,0.459465,0.168719
10.720,0.073,0.583275,3843.036865,21.270000,0.446591,0.186436
10.740,0.073,0.571100,3948.628906,21.469999,0.433717,0.204154
10.760,0.073,0.560141,4024.381592,21.670000,0.420843,0.221871
10.780,0.073,0.550752,4038.974609,21.870001,0.407969,0.239589
10.800,0.073,0.541914,4060.597900,22.056000,0.392776,0.251998
10.820,0.073,0.532467,4134.249023,22.216000,0.373274,0.254547
10.840,0.074,0.522493,4205.423828,22.376001,0.353772,0.257096
10.860,0.074,0.513240,4219.579102,22.536001,0.334269,0.259645
10.880,0.074,0.505565,4177.972656,22.696001,0.314767,0.262195
10.900,0.074,0.499031,4057.413330,22.863001,0.299102,0.263539
10.920,0.074,0.492918,3949.695801,23.043001,0.290562,0.262647
10.940,0.074,0.487085,3914.856445,23.223001,0.282022,0.261755
10.960,0.074,0.481387,3917.682861,23.403002,0.273482,0.260863
10.980,0.074,0.475173,3970.984375,23.583000,0.264942,0.259970
11.000,0.075,0.467873,4042.151367,23.763000,0.262067,0.259435
11.020,0.075,0.459540,4292.966797,23.943001,0.269715,0.259563
11.040,0.075,0.450503,4552.604004,24.123001,0.277363,0.259690
11.060,0.075,0.440826,4620.108887,24.303001,0.285011,0.259817
11.080,0.075,0.430170,4597.203613,24.483000,0.292659,0.259945
11.100,0.075,0.418340,4540.956543,24.670000,0.299236,0.258556
11.120,0.075,0.406011,4455.101074,24.870001,0.303825,0.254349
11.140,0.076,0.394140,4394.028809,25.070000,0.308413,0.250143
11.160,0.076,0.382997,4351.873047,25.270000,0.313002,0.245937
11.180,0.076,0.372660,4322.670898,25.470001,0.317591,0.241730
11.200,0.076,0.363390,4375.328125,25.656000,0.316781,0.235784
11.220,0.076,0.354994,4468.890137,25.816000,0.305947,0.226607
11.240,0.076,0.347110,4487.113770,25.976000,0.295112,0.217429
11.260,0.076,0.339966,4572.395996,26.136000,0.284278,0.208252
11.280,0.077,0.333839,4695.622559,26.296000,0.273443,0.199074
11.300,0.077,0.328267,4754.027344,26.434999,0.261984,0.192127
11.320,0.077,0.322406,4770.364258,26.535000,0.249365,0.189323
11.340,0.077,0.315808,4775.172852,26.635000,0.236746,0.186519
11.360,0.077,0.308773,4757.888672,26.734999,0.224127,0.183715
11.380,0.077,0.302043,4721.672363,26.834999,0.211508,0.180911
11.400,0.077,0.296037,4702.493164,26.934999,0.203038,0.181720
11.420,0.078,0.290465,4709.228516,27.035000,0.202274,0.189240
11.440,0.078,0.284825,4765.054199,27.135000,0.201509,0.196761
11.460,0.078,0.279061,4876.608887,27.234999,0.200744,0.204281
11.480,0.078,0.273535,5027.143066,27.334999,0.199979,0.211802
11.500,0.078,0.268516,5195.224121,27.483999,0.200107,0.216511
11.520,0.078,0.264135,5269.646973,27.723999,0.201891,0.216002
11.540,0.079,0.260683,5259.758789,27.964001,0.203676,0.215492
11.560,0.079,0.258158,5175.527344,28.204000,0.205460,0.214982
11.580,0.079,0.255875,4978.435547,28.444000,0.207245,0.214472
11.600,0.079,0.253558,4734.163574,28.635000,0.206085,0.205709
11.620,0.079,0.252255,4640.219238,28.735001,0.199457,0.181618
11.640,0.079,0.252905,4666.603516,28.835001,0.192828,0.157527
11.660,0.080,0.254728,4716.832031,28.934999,0.186200,0.133436
11.680,0.080,0.256306,4770.515137,29.035000,0.179572,0.109346
11.700,0.080,0.257320,4869.165039,29.107000,0.172052,0.083604
11.720,0.080,0.258095,4982.176758,29.127001,0.162874,0.054797
11.740,0.080,0.258529,5045.533691,29.147001,0.153697,0.025990
11.760,0.080,0.258326,5081.630859,29.167000,0.144519,-0.002817
11.780,0.080,0.257478,5172.884277,29.187000,0.135342,-0.031624
11.800,0.081,0.256278,5251.916992,29.144001,0.129154,-0.054230
11.820,0.081,0.255101,5312.224609,28.984001,0.128516,-0.065319
11.840,0.081,0.254006,5299.327148,28.823999,0.127879,-0.076408
11.860,0.081,0.252663,5139.589844,28.664000,0.127242,-0.087498
11.880,0.081,0.250794,4995.934570,28.504000,0.126604,-0.098587
11.900,0.081,0.248291,4916.575195,28.407000,0.130205,-0.106911
11.920,0.082,0.245020,4716.250488,28.427000,0.141677,-0.110097
11.940,0.082,0.240936,4097.132813,28.447001,0.153149,-0.113284
11.960,0.082,0.236112,2782.746094,28.466999,0.164621,-0.116471
11.980,0.082,0.230666,2921.847656,28.487000,0.176092,-0.119657
12.000,0.082,0.225122,4382.667969,28.465000,0.187698,-0.125164
12.020,0.082,0.220211,4405.079590,28.365000,0.199552,-0.134978
12.040,0.083,0.215873,4477.886230,28.264999,0.211406,-0.144793
12.060,0.083,0.211223,4602.203613,28.165001,0.223261,-0.154608
12.080,0.083,0.205803,4693.887207,28.065001,0.235115,-0.164423
12.100,0.083,0.200173,4780.945313,27.937000,0.239742,-0.171873
12.120,0.083,0.195103,4845.941895,27.757000,0.230947,-0.174932
12.140,0.083,0.190790,4885.509766,27.577000,0.222152,-0.177991
12.160,0.083,0.187057,4997.447266,27.396999,0.213357,-0.181050
12.180,0.084,0.183713,5114.113281,27.217001,0.204562,-0.184110
12.200,0.084,0.180415,5157.303711,27.051001,0.190725,-0.183778
12.220,0.084,0.176693,4983.244141,26.910999,0.167527,-0.177150
12.240,0.084,0.172629,4748.550293,26.771000,0.144328,-0.170522
12.260,0.084,0.168988,4473.810059,26.631001,0.121130,-0.163894
12.280,0.084,0.166210,4061.529297,26.490999,0.097931,-0.157266
12.300,0.085,0.164213,3895.876709,26.393000,0.081380,-0.151931
12.320,0.085,0.163055,3858.911865,26.372999,0.077174,-0.148999
12.340,0.085,0.162469,3825.410400,26.353001,0.072967,-0.146068
12.360,0.085,0.161696,3810.546387,26.333000,0.068761,-0.143136
12.380,0.085,0.160761,3800.475098,26.313002,0.064555,-0.140204
12.400,0.085,0.160341,3792.426270,26.244001,0.068780,-0.139280
12.420,0.085,0.160431,3889.037842,26.084002,0.088664,-0.142085
12.440,0.086,0.160759,4179.525391,25.924000,0.108549,-0.144889
12.460,0.086,0.161655,4500.544434,25.764000,0.128433,-0.147693
12.480,0.086,0.163634,4674.771484,25.604000,0.148318,-0.150497
12.500,0.086,0.167175,4785.371094,25.465000,0.164544,-0.152855
12.520,0.086,0.172584,4860.750000,25.365000,0.173976,-0.154385
12.540,0.086,0.179134,5005.201660,25.264999,0.183409,-0.155914
12.560,0.086,0.185747,5091.558594,25.165001,0.192841,-0.157444
12.580,0.086,0.193109,4854.062012,25.065001,0.202274,-0.158974
12.600,0.087,0.202642,4417.889648,24.965000,0.201757,-0.163091
12.620,0.087,0.213451,4134.798340,24.865000,0.182765,-0.172013
12.640,0.087,0.223639,3781.758057,24.764999,0.163773,-0.180936
12.660,0.087,0.233745,3635.507080,24.665001,0.144781,-0.189858
12.680,0.087,0.245573,3533.696777,24.565001,0.125789,-0.198781
12.700,0.087,0.259294,3472.601074,24.444000,0.103673,-0.210871
12.720,0.087,0.274084,3397.692383,24.284000,0.075759,-0.228843
12.740,0.088,0.289815,3374.572510,24.124001,0.047844,-0.246816
12.760,0.088,0.306756,3453.286865,23.964001,0.019929,-0.264788
12.780,0.088,0.324688,3687.057129,23.804001,-0.007985,-0.282761
12.800,0.088,0.342966,3906.719971,23.588001,-0.032064,-0.297700
12.820,0.088,0.361166,4000.290283,23.268002,-0.049016,-0.307005
12.840,0.088,0.379374,4132.194824,22.948000,-0.065969,-0.316309
12.860,0.088,0.397676,4250.286133,22.628000,-0.082922,-0.325614
12.880,0.088,0.415716,4377.525391,22.308001,-0.099875,-0.334919
12.900,0.089,0.433244,4601.375977,22.037001,-0.112723,-0.338023
12.920,0.089,0.450526,4697.007813,21.857000,-0.117949,-0.329610
12.940,0.089,0.467383,4675.958008,21.677000,-0.123175,-0.321198
12.960,0.089,0.483156,4476.684082,21.497000,-0.128401,-0.312785
12.980,0.089,0.498629,4194.596191,21.317001,-0.133627,-0.304372
13.000,0.089,0.515225,4016.491699,21.144001,-0.135641,-0.295871
13.020,0.089,0.531514,3921.512207,20.984001,-0.131690,-0.287203
13.040,0.089,0.544418,3744.076660,20.823999,-0.127738,-0.278535
13.060,0.090,0.553710,3685.425049,20.664000,-0.123787,-0.269868
13.080,0.090,0.561275,3662.313232,20.504000,-0.119836,-0.261200
13.100,0.090,0.567274,3623.222656,20.337000,-0.109638,-0.253960
13.120,0.090,0.570316,3607.443115,20.157000,-0.087842,-0.249371
13.140,0.090,0.569656,3614.321777,19.976999,-0.066046,-0.244783
13.160,0.090,0.565414,3653.563477,19.796999,-0.044249,-0.240194
13.180,0.090,0.558117,3670.322266,19.617001,-0.022453,-0.235605
13.200,0.090,0.548341,3716.745117,19.423000,0.004340,-0.223120
13.220,0.090,0.535958,3763.335205,19.202999,0.040413,-0.195970
13.240,0.090,0.520600,3794.591797,18.983000,0.076485,-0.168820
13.260,0.091,0.502982,3845.496826,18.763000,0.112558,-0.141670
13.280,0.091,0.484057,3940.587646,18.542999,0.148630,-0.114520
13.300,0.091,0.463543,4100.914551,18.421000,0.179751,-0.077913
13.320,0.091,0.441242,4206.028809,18.480999,0.201675,-0.023740
13.340,0.091,0.417241,4275.841797,18.541000,0.223598,0.030432
13.360,0.091,0.388926,4398.487305,18.601000,0.245522,0.084605
13.380,0.091,0.353197,4524.356934,18.661001,0.267446,0.138777
13.400,0.091,0.312924,4608.644043,18.791000,0.276522,0.185722
13.420,0.091,0.274025,4634.781738,19.051001,0.261736,0.219246
13.440,0.092,0.236957,4476.477051,19.311001,0.246950,0.252769
13.460,0.092,0.198262,4050.343750,19.571001,0.232164,0.286292
13.480,0.092,0.157331,3758.892822,19.830999,0.217378,0.319815
13.500,0.092,0.115921,3733.702881,20.091000,0.195767,0.338661
13.520,0.092,0.074755,3670.147217,20.351000,0.161479,0.330248
13.540,0.092,0.033932,3627.848145,20.611000,0.127191,0.321835
13.560,0.092,-0.006076,3597.841797,20.871000,0.092903,0.313423
13.580,0.092,-0.045222,3579.275879,21.131001,0.058615,0.305010
13.600,0.092,-0.083875,3607.156494,21.349001,0.027940,0.295616
13.620,0.093,-0.121586,3732.238281,21.489000,0.003977,0.284399
13.640,0.093,-0.157340,3892.652344,21.629000,-0.019986,0.273182
13.660,0.093,-0.191047,4023.545654,21.769001,-0.043950,0.261965
13.680,0.093,-0.223180,4322.432129,21.909000,-0.067913,0.250748
13.700,0.093,-0.253264,4764.576172,22.035000,-0.086612,0.249837
13.720,0.093,-0.280295,5013.115234,22.135000,-0.095535,0.268064
13.740,0.093,-0.304919,5073.789063,22.235001,-0.104457,0.286292
13.760,0.093,-0.329888,5080.349121,22.334999,-0.113380,0.304519
13.780,0.094,-0.356408,4924.966797,22.434999,-0.122302,0.322747
13.800,0.094,-0.381321,4963.443848,22.625999,-0.131938,0.342580
13.820,0.094,-0.401122,4992.765625,22.986000,-0.142900,0.365396
13.840,0.094,-0.416599,4909.791992,23.346001,-0.153862,0.388212
13.860,0.094,-0.430481,4824.947266,23.706001,-0.164824,0.411029
13.880,0.094,-0.443813,4697.684570,24.066002,-0.175786,0.433845
13.900,0.094,-0.456503,4679.954590,24.426001,-0.191923,0.446534
13.920,0.095,-0.468500,4700.558594,24.786001,-0.217671,0.440416
13.940,0.095,-0.479959,4760.563477,25.146000,-0.243419,0.434297
13.960,0.095,-0.491549,4837.884766,25.506001,-0.269167,0.428179
13.980,0.095,-0.504096,4957.775391,25.866001,-0.294915,0.422061
14.000,0.095,-0.517605,5032.310059,26.184000,-0.324276,0.412284
14.020,0.095,-0.531359,5123.412109,26.424000,-0.360348,0.395714
14.040,0.095,-0.545171,5155.146484,26.664001,-0.396421,0.379143
14.060,0.096,-0.559715,5136.238281,26.904001,-0.432493,0.362573
14.080,0.096,-0.575339,5127.902344,27.144001,-0.468566,0.346003
14.100,0.096,-0.591380,5116.485840,27.370001,-0.501426,0.332912
14.120,0.096,-0.606991,5131.301758,27.570002,-0.528321,0.326284
14.140,0.096,-0.622079,5209.992676,27.770000,-0.555216,0.319656
14.160,0.096,-0.636811,5332.295410,27.970001,-0.582111,0.313028
14.180,0.096,-0.650362,5433.890625,28.170002,-0.609006,0.306399
14.200,0.097,-0.661401,5524.849609,28.391001,-0.626800,0.300396
14.220,0.097,-0.669843,5609.176758,28.651001,-0.627693,0.295552
14.240,0.097,-0.676693,5635.457031,28.911001,-0.628585,0.290708
14.260,0.097,-0.682593,5633.427246,29.171001,-0.629477,0.285865
14.280,0.097,-0.687745,5629.056641,29.431000,-0.630369,0.281021
14.300,0.097,-0.692265,5632.718750,29.656000,-0.621893,0.274616
14.320,0.098,-0.695937,5654.715820,29.816000,-0.596018,0.265311
14.340,0.098,-0.698668,5765.204102,29.976000,-0.570142,0.256006
14.360,0.098,-0.700987,5910.491699,30.136000,-0.544267,0.246701
14.380,0.098,-0.703338,6012.915039,30.296000,-0.518392,0.237396
14.400,0.098,-0.705637,6083.468750,30.434999,-0.488010,0.231036
14.420,0.098,-0.708022,5692.524414,30.535000,-0.449261,0.230144
14.440,0.099,-0.711070,4681.873047,30.635000,-0.410512,0.229251
14.460,0.099,-0.714963,4911.567383,30.734999,-0.371763,0.228359
14.480,0.099,-0.719182,6090.482910,30.834999,-0.333014,0.227467
14.500,0.099,-0.723061,6061.773926,30.969999,-0.298235,0.232017
14.520,0.099,-0.725561,6001.338867,31.170000,-0.270830,0.246676
14.540,0.100,-0.724125,5975.424805,31.369999,-0.243425,0.261334
14.560,0.100,-0.715536,5962.519043,31.570000,-0.216020,0.275993
14.580,0.100,-0.698995,5921.860352,31.770000,-0.188615,0.290651
14.600,0.100,-0.676100,5863.662598,31.997999,-0.166966,0.306737
14.620,0.100,-0.647304,5800.273926,32.278000,-0.156004,0.325474
14.640,0.100,-0.611366,5757.696777,32.557999,-0.145042,0.344212
14.660,0.101,-0.568084,5773.483887,32.838001,-0.134080,0.362949
14.680,0.101,-0.518833,5900.117676,33.118000,-0.123118,0.381686
14.700,0.101,-0.465124,6157.016113,33.390999,-0.109702,0.397211
14.720,0.101,-0.408007,6458.092285,33.651001,-0.091730,0.406771
14.740,0.101,-0.348105,6585.354980,33.910999,-0.073757,0.416331
14.760,0.102,-0.286218,6414.201172,34.171001,-0.055785,0.425891
14.780,0.102,-0.224081,6144.166504,34.431004,-0.037812,0.435451
14.800,0.102,-0.163448,6029.036621,34.719002,-0.011854,0.438408
14.820,0.102,-0.104963,6076.224121,35.059002,0.028935,0.429103
14.840,0.102,-0.049328,6328.942383,35.399002,0.069723,0.419798
14.860,0.103,0.001849,6526.687500,35.738998,0.110512,0.410493
14.880,0.103,0.047472,6557.259277,36.078999,0.151301,0.401188
14.900,0.103,0.088018,6563.771973,36.390999,0.192045,0.385816
14.920,0.103,0.125132,6566.494629,36.651001,0.232706,0.359176
14.940,0.103,0.159690,6542.324219,36.910999,0.273367,0.332536
14.960,0.104,0.189516,6480.702637,37.171001,0.314028,0.305896
14.980,0.104,0.211679,6431.079102,37.431004,0.354689,0.279256
15.000,0.104,0.227297,6469.381348,37.642002,0.382770,0.251857
15.020,0.104,0.240196,6581.247070,37.762001,0.387486,0.223050
15.040,0.104,0.251969,6602.631348,37.882000,0.392202,0.194243
15.060,0.105,0.262072,6499.109375,38.002003,0.396918,0.165436
15.080,0.105,0.270697,6403.405273,38.122002,0.401634,0.136629
15.100,0.105,0.278607,6337.214355,38.207001,0.394439,0.110633
15.120,0.105,0.285760,6312.207520,38.227001,0.365122,0.089856
15.140,0.106,0.291935,6317.494141,38.247002,0.335805,0.069080
15.160,0.106,0.297612,6330.367676,38.267002,0.306489,0.048303
15.180,0.106,0.303343,6382.666016,38.287003,0.277172,0.027526
15.200,0.106,0.309154,6459.039551,38.307003,0.250219,0.009738
15.220,0.106,0.314892,6510.032227,38.327003,0.227658,-0.002498
15.240,0.107,0.320531,6577.760254,38.347004,0.205097,-0.014735
15.260,0.107,0.326144,6631.005859,38.367001,0.182536,-0.026971
15.280,0.107,0.331798,6655.709961,38.387001,0.159975,-0.039208
15.300,0.107,0.337298,6618.275391,38.365002,0.145711,-0.048902
15.320,0.107,0.342036,6528.502930,38.265003,0.146858,-0.053873
15.340,0.108,0.345349,6428.650879,38.165001,0.148006,-0.058844
15.360,0.108,0.346978,6349.284180,38.065002,0.149153,-0.063815
15.380,0.108,0.346886,6290.560547,37.965000,0.150300,-0.068786
15.400,0.108,0.344897,6236.088867,37.893002,0.151938,-0.071304
15.420,0.108,0.340921,6196.847168,37.873001,0.154487,-0.069264
15.440,0.109,0.335054,6184.929199,37.853001,0.157036,-0.067225
15.460,0.109,0.327469,6186.043457,37.833000,0.159586,-0.065185
15.480,0.109,0.318731,6199.609863,37.813000,0.162135,-0.063146
15.500,0.109,0.309127,6260.203613,37.785999,0.160625,-0.060169
15.520,0.110,0.297381,6339.531250,37.745998,0.151575,-0.055453
15.540,0.110,0.282625,6407.187012,37.706001,0.142525,-0.050737
15.560,0.110,0.267207,6442.615234,37.666000,0.133475,-0.046021
15.580,0.110,0.254175,6515.684570,37.626003,0.124425,-0.041305
15.600,0.110,0.243454,6679.418945,37.596504,0.115241,-0.034849
15.620,0.111,0.233206,6870.444336,37.586502,0.105808,-0.025161
15.640,0.111,0.222706,7023.558105,37.576504,0.096376,-0.015474
15.660,0.111,0.212457,7120.750977,37.566502,0.086944,-0.005787
15.680,0.111,0.203158,7198.095703,37.556503,0.077511,0.003901
15.700,0.111,0.194791,7232.337891,37.546501,0.071113,0.017425
15.720,0.112,0.186757,7087.209473,37.536503,0.070348,0.038074
15.740,0.112,0.179199,6802.669434,37.526501,0.069583,0.058723
15.760,0.112,0.172732,6608.952637,37.516502,0.068818,0.079372
15.780,0.112,0.167016,6509.092773,37.506500,0.068053,0.100022
15.800,0.112,0.161442,6516.489258,37.556000,0.067646,0.122277
15.820,0.113,0.156537,6667.540527,37.716000,0.067901,0.147515
15.840,0.113,0.152994,6847.914063,37.875999,0.068155,0.172753
15.860,0.113,0.150187,6957.184082,38.035999,0.068410,0.197991
15.880,0.113,0.147121,6976.753418,38.195999,0.068665,0.223229
15.900,0.114,0.143906,6889.026855,38.383999,0.068117,0.244809
15.920,0.114,0.140916,6791.109375,38.624001,0.066078,0.259594
15.940,0.114,0.137802,6712.084473,38.863998,0.064038,0.274380
15.960,0.114,0.134536,6729.758789,39.104000,0.061999,0.289166
15.980,0.114,0.131824,6912.783691,39.344002,0.059959,0.303952
16.000,0.115,0.129750,7170.764648,39.570000,0.058009,0.315794
16.020,0.115,0.127411,7255.935547,39.770000,0.056225,0.322167
16.040,0.115,0.124224,7257.432129,39.970001,0.054440,0.328540
16.060,0.115,0.120839,7249.654297,40.169998,0.052656,0.334913
16.080,0.116,0.118373,7260.935059,40.369999,0.050871,0.341286
16.100,0.116,0.116967,7304.045898,40.591000,0.048953,0.349176
16.120,0.116,0.115915,7362.482910,40.850998,0.046786,0.359883
16.140,0.116,0.115013,7421.285645,41.111000,0.044619,0.370591
16.160,0.116,0.114553,7488.463867,41.370998,0.042452,0.381298
16.180,0.117,0.114480,7605.066406,41.631001,0.040285,0.392005
16.200,0.117,0.114683,7742.854492,41.904999,0.037762,0.405478
16.220,0.117,0.115383,7876.908203,42.204998,0.034575,0.424087
16.240,0.117,0.116591,7982.667480,42.505001,0.031388,0.442697
16.260,0.118,0.117819,8126.903809,42.805000,0.028202,0.461307
16.280,0.118,0.118599,8282.230469,43.105000,0.025015,0.479917
16.300,0.118,0.119107,8371.072266,43.432999,0.022988,0.498794
16.320,0.118,0.119877,8441.211914,43.813000,0.023116,0.518169
16.340,0.119,0.120780,8532.410156,44.193001,0.023243,0.537544
16.360,0.119,0.121217,8644.864258,44.573002,0.023371,0.556918
16.380,0.119,0.121151,8769.141602,44.952999,0.023498,0.576293
16.400,0.119,0.120862,8828.971680,45.354000,0.025366,0.589154
16.420,0.120,0.120284,8846.081055,45.794003,0.030464,0.589919
16.440,0.120,0.119071,8839.042969,46.234001,0.035563,0.590684
16.460,0.120,0.116846,8788.320313,46.674000,0.040661,0.591448
16.480,0.120,0.113919,8718.945313,47.114002,0.045760,0.592213
16.500,0.121,0.111454,8465.725586,47.554001,0.051662,0.579237
16.520,0.121,0.110030,6837.110352,47.994003,0.059054,0.540743
16.540,0.121,0.109055,4354.898926,48.434002,0.066447,0.502249
16.560,0.122,0.108112,4098.844238,48.874001,0.073840,0.463754
16.580,0.122,0.107561,3579.833008,49.314003,0.081233,0.425260
16.600,0.122,0.107806,2615.955078,49.663002,0.089429,0.374943
16.620,0.122,0.108698,2615.955078,49.843002,0.099117,0.302671
16.640,0.123,0.109582,2615.955078,50.023003,0.108804,0.230399
16.660,0.123,0.110141,2615.955078,50.202999,0.118491,0.158126
16.680,0.123,0.110840,2615.955078,50.382999,0.128178,0.085854
16.700,0.123,0.111996,2615.955078,50.430000,0.138044,0.014831
16.720,0.124,0.113204,2615.955078,50.230000,0.148241,-0.053873
16.740,0.124,0.114213,2214.645020,50.029999,0.158439,-0.122576
16.760,0.124,0.115534,1201.796387,49.830002,0.168636,-0.191279
16.780,0.125,0.117554,704.901855,49.630001,0.178833,-0.259983
16.800,0.125,0.119648,704.901855,49.402000,0.186175,-0.318871
16.820,0.125,0.121131,704.901855,49.122002,0.188214,-0.359533
16.840,0.125,0.122405,704.901855,48.842003,0.190254,-0.400194
16.860,0.126,0.124001,704.901855,48.562000,0.192293,-0.440855
16.880,0.126,0.125608,704.901855,48.282001,0.194333,-0.481516
16.900,0.126,0.126863,704.901855,47.967003,0.190974,-0.514772
16.920,0.126,0.127729,703.843018,47.587002,0.177590,-0.534274
16.940,0.127,0.128103,1863.953613,47.207001,0.164206,-0.553776
16.960,0.127,0.128089,4797.297852,46.827000,0.150823,-0.573278
16.980,0.127,0.128047,6236.956543,46.447002,0.137439,-0.592780
17.000,0.127,0.128102,5349.292969,46.039001,0.122270,-0.606705
17.020,0.128,0.128170,3873.592773,45.579002,0.103788,-0.610274
17.040,0.128,0.128225,4667.741699,45.118999,0.085306,-0.613844
17.060,0.128,0.128165,5486.913574,44.659000,0.066823,-0.617413
17.080,0.128,0.127956,5352.652344,44.199001,0.048341,-0.620982
17.100,0.129,0.128090,5308.976563,43.739002,0.033071,-0.619197
17.120,0.129,0.128989,5308.976563,43.279003,0.023766,-0.607470
17.140,0.129,0.129800,4542.023438,42.819000,0.014461,-0.595744
17.160,0.129,0.129165,3297.299072,42.359001,0.005156,-0.584017
17.180,0.130,0.127083,4091.479980,41.899002,-0.004149,-0.572290
17.200,0.130,0.124445,4432.840820,41.481003,-0.008591,-0.560786
17.220,0.130,0.121320,3135.436035,41.141003,-0.004002,-0.549697
17.240,0.130,0.117106,2982.545410,40.801003,0.000586,-0.538608
17.260,0.130,0.111574,4174.175293,40.461002,0.005175,-0.527518
17.280,0.131,0.105034,4669.374023,40.121002,0.009764,-0.516429
17.300,0.131,0.098121,4641.270508,39.788002,0.017609,-0.511808
17.320,0.131,0.091578,4760.914063,39.468002,0.031503,-0.519201
17.340,0.131,0.085674,4793.125977,39.147999,0.045397,-0.526594
17.360,0.132,0.080056,4824.581543,38.827999,0.059290,-0.533987
17.380,0.132,0.074553,4766.328125,38.507999,0.073184,-0.541380
17.400,0.132,0.069673,4872.174805,38.146000,0.087078,-0.552877
17.420,0.132,0.066024,5181.426758,37.706001,0.100971,-0.571997
17.440,0.132,0.063703,5354.993164,37.265999,0.114865,-0.591117
17.460,0.133,0.062238,5361.625000,36.826000,0.128758,-0.610236
17.480,0.133,0.061025,5319.493164,36.386002,0.142652,-0.629356
17.500,0.133,0.060018,5185.216309,35.925003,0.153021,-0.644104
17.520,0.133,0.059582,5109.535645,35.425003,0.156845,-0.650732
17.540,0.133,0.059639,5084.911133,34.925003,0.160669,-0.657360
17.560,0.134,0.059677,5092.044434,34.425003,0.164493,-0.663988
17.580,0.134,0.059553,5099.910156,33.925003,0.168317,-0.670616
17.600,0.134,0.059697,5102.250977,33.432003,0.167457,-0.669482
17.620,0.134,0.060468,5109.774414,32.952003,0.157897,-0.653931
17.640,0.134,0.061635,5105.475098,32.472000,0.148337,-0.638380
17.660,0.134,0.062775,5079.624512,31.992001,0.138777,-0.622830
17.680,0.135,0.063894,5060.771973,31.512001,0.129217,-0.607279
17.700,0.135,0.065095,5047.978027,31.074001,0.119211,-0.588472
17.720,0.135,0.065966,5014.882324,30.714001,0.108377,-0.563616
17.740,0.135,0.066229,4937.927734,30.354000,0.097542,-0.538760
17.760,0.135,0.066469,4869.547363,29.993999,0.086708,-0.513905
17.780,0.135,0.067031,4780.491211,29.633999,0.075873,-0.489049
17.800,0.136,0.067242,4710.717285,29.302000,0.070883,-0.466157
17.820,0.136,0.066761,4689.572266,29.021999,0.076747,-0.446910
17.840,0.136,0.066092,4655.855469,28.742001,0.082610,-0.427662
17.860,0.136,0.065353,4618.213867,28.462000,0.088473,-0.408415
17.880,0.136,0.064239,4573.574219,28.181999,0.094337,-0.389168
17.900,0.136,0.063000,4532.366211,27.916000,0.106000,-0.373133
17.920,0.137,0.062182,4528.035156,27.676001,0.128433,-0.363063
17.940,0.137,0.061638,4535.391602,27.436001,0.150867,-0.352994
17.960,0.137,0.060789,4522.860352,27.196001,0.173301,-0.342924
17.980,0.137,0.059858,4531.315430,26.956001,0.195735,-0.332854
18.000,0.137,0.059522,4531.713379,26.716002,0.212280,-0.324435
18.020,0.137,0.059391,4508.529785,26.476002,0.217888,-0.319082
18.040,0.137,0.058594,4499.414063,26.236000,0.223496,-0.313728
18.060,0.138,0.057488,4514.875000,25.996000,0.229105,-0.308375
18.080,0.138,0.057065,4514.118652,25.756001,0.234713,-0.303021
18.100,0.138,0.057288,4476.238281,25.537001,0.225555,-0.300478
18.120,0.138,0.057189,4413.550293,25.357000,0.188973,-0.303155
18.140,0.138,0.056293,4264.895020,25.177000,0.152390,-0.305832
18.160,0.138,0.055270,3985.275146,24.997000,0.115808,-0.308509
18.180,0.138,0.054910,3809.845703,24.817001,0.079226,-0.311185
18.200,0.138,0.055039,3768.104004,24.616001,0.047239,-0.314977
18.220,0.139,0.055136,3662.719238,24.376001,0.023785,-0.320841
18.240,0.139,0.055334,3577.755371,24.136000,0.000332,-0.326704
18.260,0.139,0.056057,3464.798828,23.896000,-0.023122,-0.332568
18.280,0.139,0.057523,3350.075195,23.656000,-0.046575,-0.338431
18.300,0.139,0.059813,3315.355469,23.416000,-0.054771,-0.340636
18.320,0.139,0.062813,3319.097412,23.176001,-0.034632,-0.336047
18.340,0.139,0.066608,3351.731201,22.936001,-0.014493,-0.331459
18.360,0.140,0.071970,3523.760986,22.696001,0.005647,-0.326870
18.380,0.140,0.079452,3799.456299,22.456001,0.025786,-0.322281
18.400,0.140,0.088583,3971.342773,22.216002,0.050119,-0.314480
18.420,0.140,0.098746,4151.397461,21.976002,0.082240,-0.300714
18.440,0.140,0.109929,4321.285645,21.736000,0.114361,-0.286948
18.460,0.140,0.122293,4394.482910,21.496000,0.146482,-0.273182
18.480,0.140,0.135818,4395.916016,21.256001,0.178603,-0.259416
18.500,0.140,0.150472,4150.999512,21.065001,0.206040,-0.246452
18.520,0.140,0.166382,3766.336670,20.965000,0.224777,-0.234981
18.540,0.141,0.183612,3399.610840,20.865000,0.243515,-0.223509
18.560,0.141,0.201694,2978.994629,20.765001,0.262252,-0.212037
18.580,0.141,0.220129,2978.994629,20.665001,0.280989,-0.200565
18.600,0.141,0.239688,2940.931152,20.551001,0.294730,-0.194982
18.620,0.141,0.262026,2844.940674,20.410999,0.299191,-0.200336
18.640,0.141,0.287670,2845.378662,20.271000,0.303652,-0.205689
18.660,0.141,0.315920,2965.110107,20.131001,0.308114,-0.211043
18.680,0.141,0.346528,3102.643066,19.990999,0.312575,-0.216396
18.700,0.141,0.379628,3301.383301,19.837000,0.315430,-0.225140
18.720,0.142,0.414540,3422.396484,19.657000,0.315303,-0.240181
18.740,0.142,0.449948,3481.788574,19.476999,0.315175,-0.255222
18.760,0.142,0.484551,3512.368408,19.296999,0.315048,-0.270263
18.780,0.142,0.517142,3518.299561,19.117001,0.314920,-0.285304
18.800,0.142,0.546674,3527.463135,18.902000,0.316488,-0.296508
18.820,0.142,0.572681,3542.199707,18.622000,0.321204,-0.300587
18.840,0.142,0.595678,3573.201416,18.342001,0.325921,-0.304666
18.860,0.142,0.615864,3598.868896,18.062000,0.330637,-0.308744
18.880,0.142,0.631326,3602.825684,17.782000,0.335353,-0.312823
18.900,0.142,0.640051,3616.025635,17.530001,0.347966,-0.308693
18.920,0.143,0.642976,3622.824707,17.330000,0.375243,-0.289319
18.940,0.143,0.642303,3609.194824,17.130001,0.402520,-0.269944
18.960,0.143,0.638594,3556.394775,16.930000,0.429798,-0.250570
18.980,0.143,0.631643,3396.195557,16.730000,0.457075,-0.231195
19.000,0.143,0.622089,3215.408203,16.572001,0.493766,-0.205352
19.020,0.143,0.610914,3060.415771,16.492001,0.547938,-0.167495
19.040,0.143,0.598857,2868.721191,16.412001,0.602111,-0.129638
19.060,0.143,0.586686,2897.063965,16.332001,0.656283,-0.091781
19.080,0.143,0.574991,2932.977783,16.252001,0.710456,-0.053924
19.100,0.143,0.563871,2940.724121,16.242001,0.757044,-0.015978
19.120,0.143,0.553441,2960.293213,16.362001,0.789547,0.022134
19.140,0.144,0.544095,2994.049561,16.482000,0.822051,0.060246
19.160,0.144,0.535964,3054.970215,16.602001,0.854554,0.098358
19.180,0.144,0.528731,3086.664551,16.722002,0.887058,0.136470
19.200,0.144,0.522141,3094.602051,16.842001,0.897389,0.161510
19.220,0.144,0.516083,3129.329590,16.962000,0.866542,0.162275
19.240,0.144,0.510291,3176.867188,17.082001,0.835696,0.163040
19.260,0.144,0.504680,3169.375488,17.202000,0.804849,0.163805
19.280,0.144,0.499801,3158.922119,17.322001,0.774003,0.164570
19.300,0.144,0.496255,3169.845215,17.427999,0.733922,0.153824
19.320,0.144,0.493833,3197.431396,17.507999,0.676690,0.121703
19.340,0.145,0.491672,3204.469482,17.588001,0.619459,0.089582
19.360,0.145,0.489304,3188.013184,17.668001,0.562227,0.057461
19.380,0.145,0.487377,3093.503418,17.748001,0.504995,0.025340
19.400,0.145,0.486844,2920.828613,17.751001,0.459319,-0.005086
19.420,0.145,0.487810,2888.346191,17.611000,0.435100,-0.032363
19.440,0.145,0.490124,2874.326172,17.471001,0.410882,-0.059640
19.460,0.145,0.494290,2886.125000,17.331001,0.386664,-0.086918
19.480,0.145,0.500541,2892.852295,17.191000,0.362446,-0.114195
19.500,0.145,0.508148,2898.146729,17.086000,0.355983,-0.132862
19.520,0.145,0.516383,2911.434326,17.046000,0.382496,-0.135539
19.540,0.145,0.524833,2911.386475,17.006001,0.409008,-0.138216
19.560,0.146,0.532866,2895.033691,16.966000,0.435521,-0.140893
19.580,0.146,0.540056,2890.081787,16.926001,0.462034,-0.143570
19.600,0.146,0.546490,2892.589600,16.858000,0.491446,-0.138528
19.620,0.146,0.552246,2873.331055,16.738001,0.526244,-0.119154
19.640,0.146,0.557346,2855.258789,16.618000,0.561042,-0.099779
19.660,0.146,0.561566,2892.581543,16.498001,0.595839,-0.080404
19.680,0.146,0.564170,2939.983887,16.378000,0.630637,-0.061030
19.700,0.146,0.564971,2926.107178,16.321001,0.653747,-0.041254
19.720,0.146,0.564737,2891.084961,16.381001,0.655149,-0.020732
19.740,0.146,0.563841,2886.945068,16.441000,0.656551,-0.000210
19.760,0.147,0.562049,2919.801758,16.501001,0.657953,0.020312
19.780,0.147,0.559686,2905.694092,16.561001,0.659355,0.040833
19.800,0.147,0.557599,2839.614502,16.614000,0.655850,0.056492
19.820,0.147,0.556184,2867.360107,16.654001,0.643231,0.063121
19.840,0.147,0.555140,2965.324951,16.694000,0.630612,0.069749
19.860,0.147,0.554080,2982.441895,16.734001,0.617993,0.076377
19.880,0.147,0.552968,2972.944092,16.774000,0.605374,0.083005
19.900,0.147,0.551868,2989.376465,16.821001,0.597127,0.089722
19.920,0.147,0.550759,3036.053955,16.881001,0.596999,0.096606
19.940,0.147,0.549917,3042.765381,16.941000,0.596872,0.103489
19.960,0.147,0.549850,3001.939453,17.001001,0.596744,0.110372
19.980,0.148,0.550768,2975.730469,17.061001,0.596617,0.117255
20.000,0.148,0.552969,2961.726318,17.135000,0.598452,0.125030
20.020,0.148,0.557429,2991.804443,17.235001,0.603933,0.134462
20.040,0.148,0.564637,3068.345215,17.335001,0.609414,0.143895
20.060,0.148,0.573496,3124.584717,17.434999,0.614895,0.153327
20.080,0.148,0.582804,3200.448730,17.535000,0.620376,0.162760
20.100,0.148,0.592726,3218.186768,17.649000,0.625590,0.170274
20.120,0.148,0.603663,3208.641113,17.789001,0.630306,0.174225
20.140,0.148,0.615112,3204.150879,17.929001,0.635022,0.178176
20.160,0.148,0.626462,3204.628662,18.069000,0.639738,0.182128
20.180,0.149,0.637756,3153.500488,18.209002,0.644454,0.186079
20.200,0.149,0.649197,3054.126221,18.342001,0.650375,0.187354
20.220,0.149,0.660435,3035.393066,18.462000,0.658533,0.183657
20.240,0.149,0.670829,3022.447998,18.582001,0.666691,0.179961
20.260,0.149,0.680285,3064.133789,18.702000,0.674848,0.176264
20.280,0.149,0.689120,3111.949951,18.822001,0.683006,0.172568
20.300,0.149,0.697249,3171.803711,18.941999,0.691521,0.167935
20.320,0.149,0.704324,3357.304199,19.062000,0.700698,0.161561
20.340,0.149,0.710187,3518.331299,19.181999,0.709876,0.155188
20.360,0.149,0.714629,3521.070068,19.302000,0.719053,0.148815
20.380,0.150,0.717534,3420.326660,19.422001,0.728230,0.142442
20.400,0.150,0.719001,3321.756592,19.528000,0.735802,0.137095
20.420,0.150,0.718708,3197.805664,19.608000,0.740391,0.133653
20.440,0.150,0.716427,3161.302734,19.688000,0.744979,0.130212
20.460,0.150,0.713044,3222.748535,19.768000,0.749568,0.126770
20.480,0.150,0.709500,3306.868896,19.848000,0.754157,0.123328
20.500,0.150,0.705623,3443.104004,19.927999,0.756381,0.121538
20.520,0.150,0.701108,3491.413818,20.007999,0.754214,0.122812
20.540,0.150,0.696599,3444.839600,20.088001,0.752047,0.124087
20.560,0.151,0.693315,3411.210693,20.168001,0.749880,0.125362
20.580,0.151,0.691826,3379.588135,20.248001,0.747713,0.126636
20.600,0.151,0.691493,3361.245117,20.342001,0.743004,0.127197
20.620,0.151,0.691893,3385.853760,20.462000,0.733571,0.126432
20.640,0.151,0.693778,3443.231445,20.582001,0.724139,0.125667
20.660,0.151,0.697510,3483.412842,20.702000,0.714707,0.124903
20.680,0.151,0.702344,3472.075684,20.822001,0.705274,0.124138
20.700,0.151,0.707895,3456.463379,20.921000,0.694950,0.117975
20.720,0.152,0.714282,3419.275635,20.980999,0.682968,0.101787
20.740,0.152,0.721032,3361.993408,21.041000,0.670986,0.085599
20.760,0.152,0.727642,3365.329346,21.101000,0.659005,0.069411
20.780,0.152,0.734509,3400.980469,21.161001,0.647023,0.053223
20.800,0.152,0.741904,3461.948975,21.179001,0.639369,0.034001
20.820,0.152,0.748789,3502.066406,21.119001,0.639751,0.009146
20.840,0.152,0.753703,3563.440674,21.059002,0.640133,-0.015710
20.860,0.152,0.756135,3574.108887,20.999001,0.640516,-0.040565
20.880,0.152,0.756317,3552.493652,20.939001,0.640898,-0.065421
20.900,0.153,0.754371,3517.057373,20.879002,0.644493,-0.083852
20.920,0.153,0.750161,3487.218262,20.819002,0.654052,-0.090353
20.940,0.153,0.743684,3441.806396,20.759001,0.663612,-0.096854
20.960,0.153,0.735255,3438.669678,20.699001,0.673172,-0.103354
20.980,0.153,0.725109,3459.910645,20.639000,0.682732,-0.109855
21.000,0.153,0.713173,3472.823975,20.586000,0.686448,-0.105783
21.020,0.153,0.699816,3505.441895,20.546000,0.679310,-0.082074
21.040,0.153,0.686311,3552.215088,20.506001,0.672172,-0.058366
21.060,0.153,0.673792,3591.018799,20.466000,0.665034,-0.034657
21.080,0.154,0.662179,3641.916016,20.426001,0.657896,-0.010949
21.100,0.154,0.650980,3674.438477,20.414000,0.642638,0.015748
21.120,0.154,0.640621,3682.662598,20.454000,0.612301,0.047997
21.140,0.154,0.632007,3664.494629,20.493999,0.581965,0.080245
21.160,0.154,0.625173,3641.294922,20.534000,0.551628,0.112494
21.180,0.154,0.619169,3623.780029,20.573999,0.521292,0.144743
21.200,0.154,0.613252,3628.517090,20.656000,0.491535,0.172619
21.220,0.154,0.607786,3658.929688,20.816000,0.462856,0.192376
21.240,0.155,0.603492,3713.942871,20.976000,0.434176,0.212133
21.260,0.155,0.600170,3766.957764,21.136000,0.405497,0.231890
21.280,0.155,0.596899,3865.877930,21.296000,0.376817,0.251647
21.300,0.155,0.593131,3945.985596,21.483999,0.355008,0.265961
21.320,0.155,0.589080,3948.771973,21.723999,0.345958,0.270168
21.340,0.155,0.585245,3937.841064,21.964001,0.336908,0.274374
21.360,0.155,0.581796,3907.930176,22.204000,0.327858,0.278580
21.380,0.155,0.578645,3912.555664,22.444000,0.318808,0.282787
21.400,0.156,0.575907,3946.948975,22.663000,0.315201,0.283469
21.420,0.156,0.573792,4017.550537,22.843000,0.321701,0.277605
21.440,0.156,0.572270,4106.877441,23.023001,0.328202,0.271742
21.460,0.156,0.571118,4214.269043,23.203001,0.334703,0.265878
21.480,0.156,0.569966,4250.907227,23.382999,0.341204,0.260015
21.500,0.156,0.568358,4248.399414,23.556000,0.347749,0.252947
21.520,0.156,0.566260,4238.502930,23.716000,0.354377,0.243642
21.540,0.156,0.564025,4224.260254,23.876001,0.361005,0.234337
21.560,0.157,0.561113,4214.483398,24.036001,0.367633,0.225032
21.580,0.157,0.556075,4196.904785,24.196001,0.374261,0.215727
21.600,0.157,0.548486,4182.327637,24.349001,0.379774,0.206333
21.620,0.157,0.539105,4215.152344,24.489000,0.383216,0.196774
21.640,0.157,0.528122,4256.838379,24.629000,0.386657,0.187214
21.660,0.157,0.514928,4328.682129,24.769001,0.390099,0.177654
21.680,0.157,0.499217,4389.308105,24.909000,0.393541,0.168094
21.700,0.158,0.481506,4428.294922,25.035000,0.397562,0.158311
21.720,0.158,0.462650,4451.876465,25.135000,0.402661,0.148114
21.740,0.158,0.442947,4469.742188,25.235001,0.407759,0.137917
21.760,0.158,0.422420,4406.297363,25.334999,0.412858,0.127720
21.780,0.158,0.401780,4309.614258,25.434999,0.417956,0.117522
21.800,0.158,0.382103,4282.028320,25.521000,0.420244,0.107281
21.820,0.158,0.364210,4285.069824,25.580999,0.417313,0.096956
21.840,0.159,0.348734,4307.926758,25.641001,0.414381,0.086631
21.860,0.159,0.335873,4351.618652,25.701000,0.411449,0.076307
21.880,0.159,0.325406,4478.427734,25.761002,0.408518,0.065982
21.900,0.159,0.317143,4604.257324,25.807001,0.396976,0.056639
21.920,0.159,0.310741,4584.481445,25.827002,0.369443,0.049119
21.940,0.159,0.305940,4511.523438,25.847000,0.341911,0.041598
21.960,0.159,0.303354,4380.662109,25.867001,0.314379,0.034078
21.980,0.160,0.303534,4307.990234,25.886999,0.286846,0.026557
22.000,0.160,0.305494,4304.550781,25.893000,0.253157,0.020821
22.020,0.160,0.307618,4320.147461,25.872999,0.208035,0.018400
22.040,0.160,0.309463,4390.446289,25.853001,0.162913,0.015978
22.060,0.160,0.311461,4499.063477,25.833000,0.117790,0.013556
22.080,0.160,0.313264,4568.383789,25.813002,0.072668,0.011134
22.100,0.160,0.313319,4601.495117,25.807001,0.027947,0.009872
22.120,0.161,0.310215,4650.401855,25.827002,-0.016029,0.010765
22.140,0.161,0.303609,4628.030273,25.847000,-0.060004,0.011657
22.160,0.161,0.293465,4533.066895,25.867001,-0.103979,0.012549
22.180,0.161,0.279274,4420.636230,25.886999,-0.147954,0.013441
22.200,0.161,0.260486,4293.213867,25.914000,-0.187558,0.013620
22.220,0.161,0.237120,4297.385742,25.954000,-0.219041,0.012473
22.240,0.161,0.209618,4326.875000,25.993999,-0.250525,0.011325
22.260,0.162,0.178127,4414.060059,26.034000,-0.282009,0.010178
22.280,0.162,0.142492,4502.343750,26.073999,-0.313493,0.009031
22.300,0.162,0.103440,4551.895508,26.089500,-0.341140,0.006724
22.314,0.162,0.075066,4588.947754,26.068501,-0.355505,0.003601
